REGION;SALARY;YEAR;INC
ACEH;128000;1997;0
ACEH;147000;1998;19000
ACEH;171000;1999;24000
ACEH;265000;2000;94000
ACEH;300000;2001;35000
ACEH;330000;2002;30000
ACEH;425000;2003;95000
ACEH;550000;2004;125000
ACEH;620000;2005;70000
ACEH;820000;2006;200000
ACEH;850000;2007;30000
ACEH;1000000;2008;150000
ACEH;1200000;2009;200000
ACEH;1300000;2010;100000
ACEH;1350000;2011;50000
ACEH;1400000;2012;50000
ACEH;1550000;2013;150000
ACEH;1750000;2014;200000
ACEH;1900000;2015;150000
ACEH;2118500;2016;218500
ACEH;2500000;2017;381500
ACEH;2700000;2018;200000
ACEH;2916810;2019;216810
ACEH;3165031;2020;248221
ACEH;3165031;2021;0
ACEH;3166460;2022;1429
BALI;141500;1997;0
BALI;162500;1998;21000
BALI;187000;1999;24500
BALI;214000;2000;27000
BALI;309800;2001;95800
BALI;341000;2002;31200
BALI;410000;2003;69000
BALI;425000;2004;15000
BALI;447500;2005;22500
BALI;510000;2006;62500
BALI;622000;2007;112000
BALI;682650;2008;60650
BALI;760000;2009;77350
BALI;829316;2010;69316
BALI;890000;2011;60684
BALI;967500;2012;77500
BALI;1181000;2013;213500
BALI;1542600;2014;361600
BALI;1621172;2015;78572
BALI;1807600;2016;186428
BALI;1956727;2017;149127
BALI;2127157;2018;170430
BALI;2297969;2019;170812
BALI;2494000;2020;196031
BALI;2494000;2021;0
BALI;2516971;2022;22971
BANTEN;176800;1998;0
BANTEN;208800;1999;32000
BANTEN;230000;2000;21200
BANTEN;245000;2001;15000
BANTEN;360000;2002;115000
BANTEN;475000;2003;115000
BANTEN;515000;2004;40000
BANTEN;585000;2005;70000
BANTEN;661613;2006;76613
BANTEN;746500;2007;84887
BANTEN;837000;2008;90500
BANTEN;917500;2009;80500
BANTEN;955300;2010;37800
BANTEN;1000000;2011;44700
BANTEN;1042000;2012;42000
BANTEN;1170000;2013;128000
BANTEN;1325000;2014;155000
BANTEN;1600000;2015;275000
BANTEN;1784000;2016;184000
BANTEN;1931180;2017;147180
BANTEN;2099385;2018;168205
BANTEN;2267990;2019;168605
BANTEN;2460997;2020;193007
BANTEN;2460996;2021;-1
BANTEN;2501203;2022;40207
BENGKULU;127500;1997;0
BENGKULU;146500;1998;19000
BENGKULU;150000;1999;3500
BENGKULU;173000;2000;23000
BENGKULU;240000;2001;67000
BENGKULU;295000;2002;55000
BENGKULU;330000;2003;35000
BENGKULU;363000;2004;33000
BENGKULU;430000;2005;67000
BENGKULU;516000;2006;86000
BENGKULU;644838;2007;128838
BENGKULU;690000;2008;45162
BENGKULU;735000;2009;45000
BENGKULU;780000;2010;45000
BENGKULU;815000;2011;35000
BENGKULU;930000;2012;115000
BENGKULU;1200000;2013;270000
BENGKULU;1350000;2014;150000
BENGKULU;1500000;2015;150000
BENGKULU;1605000;2016;105000
BENGKULU;1730000;2017;125000
BENGKULU;1888741;2018;158741
BENGKULU;2040407;2019;151666
BENGKULU;2213604;2020;173197
BENGKULU;2888564;2021;674960
BENGKULU;2238094;2022;-650470
DI YOGYAKARTA;106500;1997;0
DI YOGYAKARTA;122500;1998;16000
DI YOGYAKARTA;130000;1999;7500
DI YOGYAKARTA;194500;2000;64500
DI YOGYAKARTA;237500;2001;43000
DI YOGYAKARTA;321800;2002;84300
DI YOGYAKARTA;360000;2003;38200
DI YOGYAKARTA;365000;2004;5000
DI YOGYAKARTA;400000;2005;35000
DI YOGYAKARTA;460000;2006;60000
DI YOGYAKARTA;500000;2007;40000
DI YOGYAKARTA;586000;2008;86000
DI YOGYAKARTA;700000;2009;114000
DI YOGYAKARTA;745694;2010;45694
DI YOGYAKARTA;808000;2011;62306
DI YOGYAKARTA;892660;2012;84660
DI YOGYAKARTA;947114;2013;54454
DI YOGYAKARTA;988500;2014;41386
DI YOGYAKARTA;988500;2015;0
DI YOGYAKARTA;988500;2016;0
DI YOGYAKARTA;1337645;2017;349145
DI YOGYAKARTA;1454154;2018;116509
DI YOGYAKARTA;1570923;2019;116769
DI YOGYAKARTA;1704608;2020;133685
DI YOGYAKARTA;1765000;2021;60392
DI YOGYAKARTA;1840951;2022;75951
DKI JAKARTA;172500;1997;0
DKI JAKARTA;198500;1998;26000
DKI JAKARTA;231000;1999;32500
DKI JAKARTA;286000;2000;55000
DKI JAKARTA;426300;2001;140300
DKI JAKARTA;591300;2002;165000
DKI JAKARTA;631600;2003;40300
DKI JAKARTA;671600;2004;40000
DKI JAKARTA;711843;2005;40243
DKI JAKARTA;819100;2006;107257
DKI JAKARTA;900560;2007;81460
DKI JAKARTA;972604;2008;72044
DKI JAKARTA;1069865;2009;97261
DKI JAKARTA;1118009;2010;48144
DKI JAKARTA;1290000;2011;171991
DKI JAKARTA;1529150;2012;239150
DKI JAKARTA;2200000;2013;670850
DKI JAKARTA;2441000;2014;241000
DKI JAKARTA;2700000;2015;259000
DKI JAKARTA;3100000;2016;400000
DKI JAKARTA;3355750;2017;255750
DKI JAKARTA;3648036;2018;292286
DKI JAKARTA;3940973;2019;292937
DKI JAKARTA;4276350;2020;335377
DKI JAKARTA;4416186;2021;139836
DKI JAKARTA;4452724;2022;36538
GORONTALO;135500;1998;0
GORONTALO;155000;1999;19500
GORONTALO;186000;2000;31000
GORONTALO;372000;2001;186000
GORONTALO;375000;2002;3000
GORONTALO;410000;2003;35000
GORONTALO;430000;2004;20000
GORONTALO;435000;2005;5000
GORONTALO;527000;2006;92000
GORONTALO;560000;2007;33000
GORONTALO;600000;2008;40000
GORONTALO;675000;2009;75000
GORONTALO;710000;2010;35000
GORONTALO;762500;2011;52500
GORONTALO;837500;2012;75000
GORONTALO;1175000;2013;337500
GORONTALO;1325000;2014;150000
GORONTALO;1600000;2015;275000
GORONTALO;1875000;2016;275000
GORONTALO;2030000;2017;155000
GORONTALO;2206813;2018;176813
GORONTALO;2384020;2019;177207
GORONTALO;2788826;2020;404806
GORONTALO;2788826;2021;0
GORONTALO;2800580;2022;11754
INDONESIA;135000;1997;0
INDONESIA;150900;1998;15900
INDONESIA;175400;1999;24500
INDONESIA;216500;2000;41100
INDONESIA;290500;2001;74000
INDONESIA;362700;2002;72200
INDONESIA;414700;2003;52000
INDONESIA;458500;2004;43800
INDONESIA;507697;2005;49197
INDONESIA;602702;2006;95005
INDONESIA;672480;2007;69778
INDONESIA;745709;2008;73229
INDONESIA;841530;2009;95821
INDONESIA;908824;2010;67294
INDONESIA;988829;2011;80005
INDONESIA;1088903;2012;100074
INDONESIA;1296908;2013;208005
INDONESIA;1584391;2014;287483
INDONESIA;1790342;2015;205951
INDONESIA;1997819;2016;207477
INDONESIA;2020500;2017;22681
INDONESIA;2268874;2018;248374
INDONESIA;2455662;2019;186788
INDONESIA;2672371;2020;216709
INDONESIA;2608093;2021;-64278
INDONESIA;2644709;2022;36616
JAMBI;119500;1997;0
JAMBI;137500;1998;18000
JAMBI;150000;1999;12500
JAMBI;173000;2000;23000
JAMBI;245000;2001;72000
JAMBI;304000;2002;59000
JAMBI;390000;2003;86000
JAMBI;425000;2004;35000
JAMBI;485000;2005;60000
JAMBI;563000;2006;78000
JAMBI;658000;2007;95000
JAMBI;724000;2008;66000
JAMBI;800000;2009;76000
JAMBI;900000;2010;100000
JAMBI;1028000;2011;128000
JAMBI;1142500;2012;114500
JAMBI;1300000;2013;157500
JAMBI;1502300;2014;202300
JAMBI;1710000;2015;207700
JAMBI;1906650;2016;196650
JAMBI;2063000;2017;156350
JAMBI;2243719;2018;180719
JAMBI;2423889;2019;180170
JAMBI;2630162;2020;206273
JAMBI;3230023;2021;599861
JAMBI;2649034;2022;-580989
JAWA BARAT;172500;1997;0
JAWA BARAT;176800;1998;4300
JAWA BARAT;208800;1999;32000
JAWA BARAT;230000;2000;21200
JAWA BARAT;245000;2001;15000
JAWA BARAT;280800;2002;35800
JAWA BARAT;320000;2003;39200
JAWA BARAT;366500;2004;46500
JAWA BARAT;408260;2005;41760
JAWA BARAT;447654;2006;39394
JAWA BARAT;516840;2007;69186
JAWA BARAT;568193;2008;51353
JAWA BARAT;628191;2009;59998
JAWA BARAT;671500;2010;43309
JAWA BARAT;732000;2011;60500
JAWA BARAT;780000;2012;48000
JAWA BARAT;850000;2013;70000
JAWA BARAT;1000000;2014;150000
JAWA BARAT;1000000;2015;0
JAWA BARAT;2250000;2016;1250000
JAWA BARAT;1420624;2017;-829376
JAWA BARAT;1544361;2018;123737
JAWA BARAT;1668373;2019;124012
JAWA BARAT;1810351;2020;141978
JAWA BARAT;1810351;2021;0
JAWA BARAT;1841487;2022;31136
JAWA TENGAH;113000;1997;0
JAWA TENGAH;130000;1998;17000
JAWA TENGAH;153000;1999;23000
JAWA TENGAH;185000;2000;32000
JAWA TENGAH;245000;2001;60000
JAWA TENGAH;314500;2002;69500
JAWA TENGAH;340400;2003;25900
JAWA TENGAH;365000;2004;24600
JAWA TENGAH;390000;2005;25000
JAWA TENGAH;450000;2006;60000
JAWA TENGAH;500000;2007;50000
JAWA TENGAH;547000;2008;47000
JAWA TENGAH;575000;2009;28000
JAWA TENGAH;660000;2010;85000
JAWA TENGAH;675000;2011;15000
JAWA TENGAH;765000;2012;90000
JAWA TENGAH;830000;2013;65000
JAWA TENGAH;910000;2014;80000
JAWA TENGAH;910000;2015;0
JAWA TENGAH;910000;2016;0
JAWA TENGAH;1367000;2017;457000
JAWA TENGAH;1486065;2018;119065
JAWA TENGAH;1605396;2019;119331
JAWA TENGAH;1742015;2020;136619
JAWA TENGAH;1798979;2021;56964
JAWA TENGAH;1813011;2022;14032
JAWA TIMUR;132500;1997;0
JAWA TIMUR;143000;1998;10500
JAWA TIMUR;170500;1999;27500
JAWA TIMUR;214500;2000;44000
JAWA TIMUR;220000;2001;5500
JAWA TIMUR;245000;2002;25000
JAWA TIMUR;274000;2003;29000
JAWA TIMUR;310000;2004;36000
JAWA TIMUR;340000;2005;30000
JAWA TIMUR;390000;2006;50000
JAWA TIMUR;448500;2007;58500
JAWA TIMUR;500000;2008;51500
JAWA TIMUR;570000;2009;70000
JAWA TIMUR;630000;2010;60000
JAWA TIMUR;705000;2011;75000
JAWA TIMUR;745000;2012;40000
JAWA TIMUR;866250;2013;121250
JAWA TIMUR;1000000;2014;133750
JAWA TIMUR;1000000;2015;0
JAWA TIMUR;1000000;2016;0
JAWA TIMUR;1388000;2017;388000
JAWA TIMUR;1508895;2018;120895
JAWA TIMUR;1630059;2019;121164
JAWA TIMUR;1768777;2020;138718
JAWA TIMUR;1868777;2021;100000
JAWA TIMUR;1891567;2022;22790
KALIMANTAN BARAT;126500;1997;0
KALIMANTAN BARAT;145500;1998;19000
KALIMANTAN BARAT;175000;1999;29500
KALIMANTAN BARAT;228000;2000;53000
KALIMANTAN BARAT;304500;2001;76500
KALIMANTAN BARAT;380000;2002;75500
KALIMANTAN BARAT;400000;2003;20000
KALIMANTAN BARAT;420000;2004;20000
KALIMANTAN BARAT;445200;2005;25200
KALIMANTAN BARAT;512000;2006;66800
KALIMANTAN BARAT;560000;2007;48000
KALIMANTAN BARAT;645000;2008;85000
KALIMANTAN BARAT;705000;2009;60000
KALIMANTAN BARAT;741000;2010;36000
KALIMANTAN BARAT;802500;2011;61500
KALIMANTAN BARAT;900000;2012;97500
KALIMANTAN BARAT;1060000;2013;160000
KALIMANTAN BARAT;1380000;2014;320000
KALIMANTAN BARAT;1560000;2015;180000
KALIMANTAN BARAT;1739400;2016;179400
KALIMANTAN BARAT;1882900;2017;143500
KALIMANTAN BARAT;2046900;2018;164000
KALIMANTAN BARAT;2211500;2019;164600
KALIMANTAN BARAT;2399699;2020;188199
KALIMANTAN BARAT;2399698;2021;-1
KALIMANTAN BARAT;2434328;2022;34630
KALIMANTAN SELATAN;125000;1997;0
KALIMANTAN SELATAN;144000;1998;19000
KALIMANTAN SELATAN;166000;1999;22000
KALIMANTAN SELATAN;200000;2000;34000
KALIMANTAN SELATAN;295000;2001;95000
KALIMANTAN SELATAN;377500;2002;82500
KALIMANTAN SELATAN;425000;2003;47500
KALIMANTAN SELATAN;482200;2004;57200
KALIMANTAN SELATAN;536300;2005;54100
KALIMANTAN SELATAN;629000;2006;92700
KALIMANTAN SELATAN;745000;2007;116000
KALIMANTAN SELATAN;825000;2008;80000
KALIMANTAN SELATAN;930000;2009;105000
KALIMANTAN SELATAN;1024500;2010;94500
KALIMANTAN SELATAN;1126000;2011;101500
KALIMANTAN SELATAN;1225000;2012;99000
KALIMANTAN SELATAN;1337500;2013;112500
KALIMANTAN SELATAN;1620000;2014;282500
KALIMANTAN SELATAN;1870000;2015;250000
KALIMANTAN SELATAN;2085050;2016;215050
KALIMANTAN SELATAN;2258000;2017;172950
KALIMANTAN SELATAN;2454671;2018;196671
KALIMANTAN SELATAN;2651782;2019;197111
KALIMANTAN SELATAN;2877449;2020;225667
KALIMANTAN SELATAN;2877448;2021;-1
KALIMANTAN SELATAN;2906473;2022;29025
KALIMANTAN TENGAH;138000;1997;0
KALIMANTAN TENGAH;158500;1998;20500
KALIMANTAN TENGAH;195000;1999;36500
KALIMANTAN TENGAH;285000;2000;90000
KALIMANTAN TENGAH;362000;2001;77000
KALIMANTAN TENGAH;362000;2002;0
KALIMANTAN TENGAH;425000;2003;63000
KALIMANTAN TENGAH;482300;2004;57300
KALIMANTAN TENGAH;523698;2005;41398
KALIMANTAN TENGAH;634260;2006;110562
KALIMANTAN TENGAH;665973;2007;31713
KALIMANTAN TENGAH;765868;2008;99895
KALIMANTAN TENGAH;873089;2009;107221
KALIMANTAN TENGAH;986590;2010;113501
KALIMANTAN TENGAH;1134580;2011;147990
KALIMANTAN TENGAH;1327459;2012;192879
KALIMANTAN TENGAH;1553127;2013;225668
KALIMANTAN TENGAH;1723970;2014;170843
KALIMANTAN TENGAH;1896367;2015;172397
KALIMANTAN TENGAH;2057558;2016;161191
KALIMANTAN TENGAH;2222986;2017;165428
KALIMANTAN TENGAH;2421305;2018;198319
KALIMANTAN TENGAH;2663435;2019;242130
KALIMANTAN TENGAH;2903145;2020;239710
KALIMANTAN TENGAH;2903144;2021;-1
KALIMANTAN TENGAH;2922516;2022;19372
KALIMANTAN TIMUR;153000;1997;0
KALIMANTAN TIMUR;176000;1998;23000
KALIMANTAN TIMUR;194000;1999;18000
KALIMANTAN TIMUR;233000;2000;39000
KALIMANTAN TIMUR;300000;2001;67000
KALIMANTAN TIMUR;500000;2002;200000
KALIMANTAN TIMUR;540000;2003;40000
KALIMANTAN TIMUR;572700;2004;32700
KALIMANTAN TIMUR;600000;2005;27300
KALIMANTAN TIMUR;701640;2006;101640
KALIMANTAN TIMUR;766500;2007;64860
KALIMANTAN TIMUR;889654;2008;123154
KALIMANTAN TIMUR;955000;2009;65346
KALIMANTAN TIMUR;1002000;2010;47000
KALIMANTAN TIMUR;1084000;2011;82000
KALIMANTAN TIMUR;1177000;2012;93000
KALIMANTAN TIMUR;1752073;2013;575073
KALIMANTAN TIMUR;1886315;2014;134242
KALIMANTAN TIMUR;2026126;2015;139811
KALIMANTAN TIMUR;2161253;2016;135127
KALIMANTAN TIMUR;339556;2017;-1821697
KALIMANTAN TIMUR;2543332;2018;2203776
KALIMANTAN TIMUR;2747561;2019;204229
KALIMANTAN TIMUR;2981379;2020;233818
KALIMANTAN TIMUR;2981378;2021;-1
KALIMANTAN TIMUR;3014497;2022;33119
KALIMANTAN UTARA;2026126;2015;0
KALIMANTAN UTARA;2175340;2016;149214
KALIMANTAN UTARA;2358800;2017;183460
KALIMANTAN UTARA;2559903;2018;201103
KALIMANTAN UTARA;2765463;2019;205560
KALIMANTAN UTARA;3000804;2020;235341
KALIMANTAN UTARA;3000804;2021;0
KALIMANTAN UTARA;3016738;2022;15934
KEP. BANGKA BELITUNG;146500;1998;0
KEP. BANGKA BELITUNG;170000;1999;23500
KEP. BANGKA BELITUNG;190000;2000;20000
KEP. BANGKA BELITUNG;255000;2001;65000
KEP. BANGKA BELITUNG;345000;2002;90000
KEP. BANGKA BELITUNG;379500;2003;34500
KEP. BANGKA BELITUNG;447900;2004;68400
KEP. BANGKA BELITUNG;560000;2005;112100
KEP. BANGKA BELITUNG;640000;2006;80000
KEP. BANGKA BELITUNG;720000;2007;80000
KEP. BANGKA BELITUNG;813000;2008;93000
KEP. BANGKA BELITUNG;850000;2009;37000
KEP. BANGKA BELITUNG;910000;2010;60000
KEP. BANGKA BELITUNG;1024000;2011;114000
KEP. BANGKA BELITUNG;1110000;2012;86000
KEP. BANGKA BELITUNG;1265000;2013;155000
KEP. BANGKA BELITUNG;1640000;2014;375000
KEP. BANGKA BELITUNG;2100000;2015;460000
KEP. BANGKA BELITUNG;2341500;2016;241500
KEP. BANGKA BELITUNG;2534673;2017;193173
KEP. BANGKA BELITUNG;2755444;2018;220771
KEP. BANGKA BELITUNG;2976706;2019;221262
KEP. BANGKA BELITUNG;3230024;2020;253318
KEP. BANGKA BELITUNG;2215000;2021;-1015024
KEP. BANGKA BELITUNG;3264881;2022;1049881
KEP. RIAU;235000;1997;0
KEP. RIAU;174000;1998;-61000
KEP. RIAU;218000;1999;44000
KEP. RIAU;300000;2000;82000
KEP. RIAU;421500;2001;121500
KEP. RIAU;421500;2002;0
KEP. RIAU;421500;2003;0
KEP. RIAU;421500;2004;0
KEP. RIAU;557000;2005;135500
KEP. RIAU;760000;2006;203000
KEP. RIAU;805000;2007;45000
KEP. RIAU;833000;2008;28000
KEP. RIAU;892000;2009;59000
KEP. RIAU;925000;2010;33000
KEP. RIAU;975000;2011;50000
KEP. RIAU;1015000;2012;40000
KEP. RIAU;1365087;2013;350087
KEP. RIAU;1665000;2014;299913
KEP. RIAU;1954000;2015;289000
KEP. RIAU;2178710;2016;224710
KEP. RIAU;2358454;2017;179744
KEP. RIAU;2563875;2018;205421
KEP. RIAU;2769754;2019;205879
KEP. RIAU;3005460;2020;235706
KEP. RIAU;2630162;2021;-375298
KEP. RIAU;3050172;2022;420010
LAMPUNG;126000;1997;0
LAMPUNG;145000;1998;19000
LAMPUNG;160000;1999;15000
LAMPUNG;192000;2000;32000
LAMPUNG;240000;2001;48000
LAMPUNG;310000;2002;70000
LAMPUNG;350000;2003;40000
LAMPUNG;377500;2004;27500
LAMPUNG;405000;2005;27500
LAMPUNG;505000;2006;100000
LAMPUNG;555000;2007;50000
LAMPUNG;617000;2008;62000
LAMPUNG;691000;2009;74000
LAMPUNG;767500;2010;76500
LAMPUNG;855000;2011;87500
LAMPUNG;975000;2012;120000
LAMPUNG;1150000;2013;175000
LAMPUNG;1399037;2014;249037
LAMPUNG;1581000;2015;181963
LAMPUNG;1763000;2016;182000
LAMPUNG;1908447;2017;145447
LAMPUNG;2074673;2018;166226
LAMPUNG;2241270;2019;166597
LAMPUNG;2432002;2020;190732
LAMPUNG;2432001;2021;-1
LAMPUNG;2440486;2022;8485
MALUKU;136000;1997;0
MALUKU;156500;1998;20500
MALUKU;180000;1999;23500
MALUKU;180000;2000;0
MALUKU;230000;2001;50000
MALUKU;285000;2002;55000
MALUKU;370000;2003;85000
MALUKU;450000;2004;80000
MALUKU;500000;2005;50000
MALUKU;575000;2006;75000
MALUKU;635000;2007;60000
MALUKU;700000;2008;65000
MALUKU;775000;2009;75000
MALUKU;840000;2010;65000
MALUKU;900000;2011;60000
MALUKU;975000;2012;75000
MALUKU;1275000;2013;300000
MALUKU;1415000;2014;140000
MALUKU;1650000;2015;235000
MALUKU;1775000;2016;125000
MALUKU;1925000;2017;150000
MALUKU;2222220;2018;297220
MALUKU;2400664;2019;178444
MALUKU;2604961;2020;204297
MALUKU;2721530;2021;116569
MALUKU;2619312;2022;-102218
MALUKU UTARA;156500;1998;0
MALUKU UTARA;180000;1999;23500
MALUKU UTARA;180000;2000;0
MALUKU UTARA;230000;2001;50000
MALUKU UTARA;322000;2002;92000
MALUKU UTARA;370000;2003;48000
MALUKU UTARA;400000;2004;30000
MALUKU UTARA;440000;2005;40000
MALUKU UTARA;528000;2006;88000
MALUKU UTARA;660000;2007;132000
MALUKU UTARA;700000;2008;40000
MALUKU UTARA;770000;2009;70000
MALUKU UTARA;847000;2010;77000
MALUKU UTARA;889350;2011;42350
MALUKU UTARA;960498;2012;71148
MALUKU UTARA;1200622;2013;240124
MALUKU UTARA;1440746;2014;240124
MALUKU UTARA;1577617;2015;136871
MALUKU UTARA;1681266;2016;103649
MALUKU UTARA;1975000;2017;293734
MALUKU UTARA;2320803;2018;345803
MALUKU UTARA;2508091;2019;187288
MALUKU UTARA;2721530;2020;213439
MALUKU UTARA;2604961;2021;-116569
MALUKU UTARA;2862231;2022;257270
NUSA TENGGARA BARAT;108000;1997;0
NUSA TENGGARA BARAT;124000;1998;16000
NUSA TENGGARA BARAT;145000;1999;21000
NUSA TENGGARA BARAT;180000;2000;35000
NUSA TENGGARA BARAT;240000;2001;60000
NUSA TENGGARA BARAT;320000;2002;80000
NUSA TENGGARA BARAT;375000;2003;55000
NUSA TENGGARA BARAT;412500;2004;37500
NUSA TENGGARA BARAT;475000;2005;62500
NUSA TENGGARA BARAT;550000;2006;75000
NUSA TENGGARA BARAT;645000;2007;95000
NUSA TENGGARA BARAT;730000;2008;85000
NUSA TENGGARA BARAT;832500;2009;102500
NUSA TENGGARA BARAT;890775;2010;58275
NUSA TENGGARA BARAT;950000;2011;59225
NUSA TENGGARA BARAT;1000000;2012;50000
NUSA TENGGARA BARAT;1100000;2013;100000
NUSA TENGGARA BARAT;1210000;2014;110000
NUSA TENGGARA BARAT;1330000;2015;120000
NUSA TENGGARA BARAT;1482950;2016;152950
NUSA TENGGARA BARAT;1631245;2017;148295
NUSA TENGGARA BARAT;1825000;2018;193755
NUSA TENGGARA BARAT;2012610;2019;187610
NUSA TENGGARA BARAT;2183883;2020;171273
NUSA TENGGARA BARAT;2183883;2021;0
NUSA TENGGARA BARAT;2207212;2022;23329
NUSA TENGGARA TIMUR;106000;1997;0
NUSA TENGGARA TIMUR;122500;1998;16500
NUSA TENGGARA TIMUR;143000;1999;20500
NUSA TENGGARA TIMUR;184000;2000;41000
NUSA TENGGARA TIMUR;275000;2001;91000
NUSA TENGGARA TIMUR;330000;2002;55000
NUSA TENGGARA TIMUR;350000;2003;20000
NUSA TENGGARA TIMUR;400000;2004;50000
NUSA TENGGARA TIMUR;450000;2005;50000
NUSA TENGGARA TIMUR;550000;2006;100000
NUSA TENGGARA TIMUR;600000;2007;50000
NUSA TENGGARA TIMUR;650000;2008;50000
NUSA TENGGARA TIMUR;725000;2009;75000
NUSA TENGGARA TIMUR;800000;2010;75000
NUSA TENGGARA TIMUR;850000;2011;50000
NUSA TENGGARA TIMUR;925000;2012;75000
NUSA TENGGARA TIMUR;1010000;2013;85000
NUSA TENGGARA TIMUR;1150000;2014;140000
NUSA TENGGARA TIMUR;1250000;2015;100000
NUSA TENGGARA TIMUR;1425000;2016;175000
NUSA TENGGARA TIMUR;1650000;2017;225000
NUSA TENGGARA TIMUR;1660000;2018;10000
NUSA TENGGARA TIMUR;1795000;2019;135000
NUSA TENGGARA TIMUR;1950000;2020;155000
NUSA TENGGARA TIMUR;1950000;2021;0
NUSA TENGGARA TIMUR;1975000;2022;25000
PAPUA;170000;1997;0
PAPUA;195500;1998;25500
PAPUA;225000;1999;29500
PAPUA;315000;2000;90000
PAPUA;400000;2001;85000
PAPUA;530000;2002;130000
PAPUA;600000;2003;70000
PAPUA;650000;2004;50000
PAPUA;700000;2005;50000
PAPUA;822500;2006;122500
PAPUA;987000;2007;164500
PAPUA;1105500;2008;118500
PAPUA;1216100;2009;110600
PAPUA;1316500;2010;100400
PAPUA;1403000;2011;86500
PAPUA;1585000;2012;182000
PAPUA;1710000;2013;125000
PAPUA;2040000;2014;330000
PAPUA;2193000;2015;153000
PAPUA;2435000;2016;242000
PAPUA;2663646;2017;228646
PAPUA;3000000;2018;336354
PAPUA;3240900;2019;240900
PAPUA;3516700;2020;275800
PAPUA;3516700;2021;0
PAPUA;3561932;2022;45232
PAPUA BARAT;822500;2006;0
PAPUA BARAT;987000;2007;164500
PAPUA BARAT;1105500;2008;118500
PAPUA BARAT;1180000;2009;74500
PAPUA BARAT;1210000;2010;30000
PAPUA BARAT;1410000;2011;200000
PAPUA BARAT;1450000;2012;40000
PAPUA BARAT;1720000;2013;270000
PAPUA BARAT;1870000;2014;150000
PAPUA BARAT;2015000;2015;145000
PAPUA BARAT;2237000;2016;222000
PAPUA BARAT;2416855;2017;179855
PAPUA BARAT;2667000;2018;250145
PAPUA BARAT;2934500;2019;267500
PAPUA BARAT;3134600;2020;200100
PAPUA BARAT;3134600;2021;0
PAPUA BARAT;3200000;2022;65400
RIAU;151500;1997;0
RIAU;174000;1998;22500
RIAU;218000;1999;44000
RIAU;250700;2000;32700
RIAU;329000;2001;78300
RIAU;394000;2002;65000
RIAU;437500;2003;43500
RIAU;476900;2004;39400
RIAU;551500;2005;74600
RIAU;637000;2006;85500
RIAU;710000;2007;73000
RIAU;800000;2008;90000
RIAU;901600;2009;101600
RIAU;1016000;2010;114400
RIAU;1120000;2011;104000
RIAU;1238000;2012;118000
RIAU;1400000;2013;162000
RIAU;1700000;2014;300000
RIAU;1878000;2015;178000
RIAU;2095000;2016;217000
RIAU;2266722;2017;171722
RIAU;2464154;2018;197432
RIAU;2662026;2019;197872
RIAU;2888564;2020;226538
RIAU;3005460;2021;116896
RIAU;2938564;2022;-66896
SULAWESI BARAT;612000;2006;0
SULAWESI BARAT;691464;2007;79464
SULAWESI BARAT;760500;2008;69036
SULAWESI BARAT;909400;2009;148900
SULAWESI BARAT;944200;2010;34800
SULAWESI BARAT;1006000;2011;61800
SULAWESI BARAT;1127000;2012;121000
SULAWESI BARAT;1165000;2013;38000
SULAWESI BARAT;1400000;2014;235000
SULAWESI BARAT;1655500;2015;255500
SULAWESI BARAT;1864000;2016;208500
SULAWESI BARAT;2017780;2017;153780
SULAWESI BARAT;2193530;2018;175750
SULAWESI BARAT;2381000;2019;187470
SULAWESI BARAT;2678863;2020;297863
SULAWESI BARAT;2678863;2021;0
SULAWESI BARAT;2678863;2022;0
SULAWESI SELATAN;112500;1997;0
SULAWESI SELATAN;129500;1998;17000
SULAWESI SELATAN;148000;1999;18500
SULAWESI SELATAN;200000;2000;52000
SULAWESI SELATAN;300000;2001;100000
SULAWESI SELATAN;375000;2002;75000
SULAWESI SELATAN;415000;2003;40000
SULAWESI SELATAN;455000;2004;40000
SULAWESI SELATAN;510000;2005;55000
SULAWESI SELATAN;612000;2006;102000
SULAWESI SELATAN;673200;2007;61200
SULAWESI SELATAN;740520;2008;67320
SULAWESI SELATAN;905000;2009;164480
SULAWESI SELATAN;1000000;2010;95000
SULAWESI SELATAN;1100000;2011;100000
SULAWESI SELATAN;1200000;2012;100000
SULAWESI SELATAN;1440000;2013;240000
SULAWESI SELATAN;1800000;2014;360000
SULAWESI SELATAN;2000000;2015;200000
SULAWESI SELATAN;2250000;2016;250000
SULAWESI SELATAN;2500000;2017;250000
SULAWESI SELATAN;2647767;2018;147767
SULAWESI SELATAN;2860382;2019;212615
SULAWESI SELATAN;3103800;2020;243418
SULAWESI SELATAN;3165876;2021;62076
SULAWESI SELATAN;3165876;2022;0
SULAWESI TENGAH;106500;1997;0
SULAWESI TENGAH;122500;1998;16000
SULAWESI TENGAH;150000;1999;27500
SULAWESI TENGAH;203000;2000;53000
SULAWESI TENGAH;245000;2001;42000
SULAWESI TENGAH;350000;2002;105000
SULAWESI TENGAH;410000;2003;60000
SULAWESI TENGAH;450000;2004;40000
SULAWESI TENGAH;490000;2005;40000
SULAWESI TENGAH;575000;2006;85000
SULAWESI TENGAH;615000;2007;40000
SULAWESI TENGAH;670000;2008;55000
SULAWESI TENGAH;720000;2009;50000
SULAWESI TENGAH;777500;2010;57500
SULAWESI TENGAH;827500;2011;50000
SULAWESI TENGAH;885000;2012;57500
SULAWESI TENGAH;995000;2013;110000
SULAWESI TENGAH;1250000;2014;255000
SULAWESI TENGAH;1500000;2015;250000
SULAWESI TENGAH;1670000;2016;170000
SULAWESI TENGAH;1807775;2017;137775
SULAWESI TENGAH;1965232;2018;157457
SULAWESI TENGAH;2123040;2019;157808
SULAWESI TENGAH;2303711;2020;180671
SULAWESI TENGAH;2552014;2021;248303
SULAWESI TENGAH;2390739;2022;-161275
SULAWESI TENGGARA;121000;1997;0
SULAWESI TENGGARA;139000;1998;18000
SULAWESI TENGGARA;160000;1999;21000
SULAWESI TENGGARA;210000;2000;50000
SULAWESI TENGGARA;275000;2001;65000
SULAWESI TENGGARA;325000;2002;50000
SULAWESI TENGGARA;390000;2003;65000
SULAWESI TENGGARA;470000;2004;80000
SULAWESI TENGGARA;498600;2005;28600
SULAWESI TENGGARA;573400;2006;74800
SULAWESI TENGGARA;640000;2007;66600
SULAWESI TENGGARA;700000;2008;60000
SULAWESI TENGGARA;770000;2009;70000
SULAWESI TENGGARA;860000;2010;90000
SULAWESI TENGGARA;930000;2011;70000
SULAWESI TENGGARA;1032300;2012;102300
SULAWESI TENGGARA;1125207;2013;92907
SULAWESI TENGGARA;1400000;2014;274793
SULAWESI TENGGARA;1652000;2015;252000
SULAWESI TENGGARA;1850000;2016;198000
SULAWESI TENGGARA;2002625;2017;152625
SULAWESI TENGGARA;2177052;2018;174427
SULAWESI TENGGARA;2351870;2019;174818
SULAWESI TENGGARA;2552015;2020;200145
SULAWESI TENGGARA;2303711;2021;-248304
SULAWESI TENGGARA;2710595;2022;406884
SULAWESI UTARA;118000;1997;0
SULAWESI UTARA;135500;1998;17500
SULAWESI UTARA;155000;1999;19500
SULAWESI UTARA;186000;2000;31000
SULAWESI UTARA;372000;2001;186000
SULAWESI UTARA;438000;2002;66000
SULAWESI UTARA;495000;2003;57000
SULAWESI UTARA;545000;2004;50000
SULAWESI UTARA;600000;2005;55000
SULAWESI UTARA;713500;2006;113500
SULAWESI UTARA;750000;2007;36500
SULAWESI UTARA;845000;2008;95000
SULAWESI UTARA;929500;2009;84500
SULAWESI UTARA;1000000;2010;70500
SULAWESI UTARA;1050000;2011;50000
SULAWESI UTARA;1250000;2012;200000
SULAWESI UTARA;1550000;2013;300000
SULAWESI UTARA;1900000;2014;350000
SULAWESI UTARA;2150000;2015;250000
SULAWESI UTARA;2400000;2016;250000
SULAWESI UTARA;2598000;2017;198000
SULAWESI UTARA;2824286;2018;226286
SULAWESI UTARA;3051076;2019;226790
SULAWESI UTARA;3310723;2020;259647
SULAWESI UTARA;3310723;2021;0
SULAWESI UTARA;3310723;2022;0
SUMATERA BARAT;119000;1997;0
SUMATERA BARAT;137000;1998;18000
SUMATERA BARAT;160000;1999;23000
SUMATERA BARAT;200000;2000;40000
SUMATERA BARAT;250000;2001;50000
SUMATERA BARAT;385000;2002;135000
SUMATERA BARAT;435000;2003;50000
SUMATERA BARAT;480000;2004;45000
SUMATERA BARAT;540000;2005;60000
SUMATERA BARAT;650000;2006;110000
SUMATERA BARAT;725000;2007;75000
SUMATERA BARAT;800000;2008;75000
SUMATERA BARAT;880000;2009;80000
SUMATERA BARAT;940000;2010;60000
SUMATERA BARAT;1055000;2011;115000
SUMATERA BARAT;1150000;2012;95000
SUMATERA BARAT;1350000;2013;200000
SUMATERA BARAT;1490000;2014;140000
SUMATERA BARAT;1615000;2015;125000
SUMATERA BARAT;1800725;2016;185725
SUMATERA BARAT;1949284;2017;148559
SUMATERA BARAT;2119067;2018;169783
SUMATERA BARAT;2289220;2019;170153
SUMATERA BARAT;2484041;2020;194821
SUMATERA BARAT;2484041;2021;0
SUMATERA BARAT;2512539;2022;28498
SUMATERA SELATAN;127500;1997;0
SUMATERA SELATAN;146500;1998;19000
SUMATERA SELATAN;170000;1999;23500
SUMATERA SELATAN;190000;2000;20000
SUMATERA SELATAN;255000;2001;65000
SUMATERA SELATAN;331500;2002;76500
SUMATERA SELATAN;403500;2003;72000
SUMATERA SELATAN;460000;2004;56500
SUMATERA SELATAN;503700;2005;43700
SUMATERA SELATAN;604000;2006;100300
SUMATERA SELATAN;662000;2007;58000
SUMATERA SELATAN;743000;2008;81000
SUMATERA SELATAN;824730;2009;81730
SUMATERA SELATAN;927825;2010;103095
SUMATERA SELATAN;1048440;2011;120615
SUMATERA SELATAN;1195220;2012;146780
SUMATERA SELATAN;1630000;2013;434780
SUMATERA SELATAN;1825000;2014;195000
SUMATERA SELATAN;1974346;2015;149346
SUMATERA SELATAN;2206000;2016;231654
SUMATERA SELATAN;2388000;2017;182000
SUMATERA SELATAN;2595995;2018;207995
SUMATERA SELATAN;2804453;2019;208458
SUMATERA SELATAN;3043111;2020;238658
SUMATERA SELATAN;3043111;2021;0
SUMATERA SELATAN;3144446;2022;101335
SUMATERA UTARA;151000;1997;0
SUMATERA UTARA;174000;1998;23000
SUMATERA UTARA;210000;1999;36000
SUMATERA UTARA;254000;2000;44000
SUMATERA UTARA;340500;2001;86500
SUMATERA UTARA;464000;2002;123500
SUMATERA UTARA;505000;2003;41000
SUMATERA UTARA;537000;2004;32000
SUMATERA UTARA;600000;2005;63000
SUMATERA UTARA;737794;2006;137794
SUMATERA UTARA;761000;2007;23206
SUMATERA UTARA;822205;2008;61205
SUMATERA UTARA;905000;2009;82795
SUMATERA UTARA;965000;2010;60000
SUMATERA UTARA;1035500;2011;70500
SUMATERA UTARA;1200000;2012;164500
SUMATERA UTARA;1375000;2013;175000
SUMATERA UTARA;1505850;2014;130850
SUMATERA UTARA;1625000;2015;119150
SUMATERA UTARA;1811875;2016;186875
SUMATERA UTARA;1961354;2017;149479
SUMATERA UTARA;2132189;2018;170835
SUMATERA UTARA;2303403;2019;171214
SUMATERA UTARA;2499423;2020;196020
SUMATERA UTARA;2499423;2021;0
SUMATERA UTARA;2522609;2022;23186
